код,Гаалийн газар хорооны код,Гаалийн газар хорооны нэр,Төрөл,Он,Сар,Дүн
1,1,ГЕГазар,Татвар,2024,1,146.74
2,2,Улаанбаатар хот дахь ГГ,Татвар,2024,1,311151.08
3,3,Замын-Үүд дэх ГГ,Татвар,2024,1,93951.3
4,5,Чингис хаан ОУНБ ГГ,Татвар,2024,1,19881.36
5,4,Сэлэнгэ аймаг дахь ГГ,Татвар,2024,1,22184.67
6,14,Гашуунсухайт дахь ГГ,Татвар,2024,1,29757.96
7,15,Шивээхүрэн дэх ГГ,Татвар,2024,1,9688.18
8,11,Сайншанд дахь ГГ,Татвар,2024,1,8530.44
9,8,Ховд аймгийн Булган дахь ГГ,Татвар,2024,1,679.51
10,7,Баян-Өлгий аймаг дахь ГГ,Татвар,2024,1,6349.85
11,10,Орхон аймаг дахь ГГ,Татвар,2024,1,5053.05
12,13,Дархан-Уул аймаг дахь ГГ,Татвар,2024,1,9078.62
13,6,Дорнод аймаг дахь ГГ,Татвар,2024,1,3120.75
14,9,Увс аймаг дахь ГГ,Татвар,2024,1,1899.35
15,12,Улс хоорондын шуудан илгээмж дэх ГХ,Татвар,2024,1,3445.85
16,17,Говь-Алтай аймгийн Бургастай дахь ГХ,Татвар,2024,1,0
17,16,Сүхбаатар аймгийн Бичигт дэх ГХ,Татвар,2024,1,415.18
18,19,Хөвсгөл аймгийн Ханх дахь ГХ,Татвар,2024,1,0
19,18,Завхан аймгийн Арцсуурь дахь ГХ,Татвар,2024,1,15.59
20,20,Ханги дахь гаалийн газар,Татвар,2024,1,0
21,1,ГЕГазар,Хураамж,2024,1,0.09
22,2,Улаанбаатар хот дахь ГГ,Хураамж,2024,1,186.83
23,3,Замын-Үүд дэх ГГ,Хураамж,2024,1,333.47
24,5,Чингис хаан ОУНБ ГГ,Хураамж,2024,1,15.22
25,4,Сэлэнгэ аймаг дахь ГГ,Хураамж,2024,1,13.54
26,14,Гашуунсухайт дахь ГГ,Хураамж,2024,1,1884.62
27,15,Шивээхүрэн дэх ГГ,Хураамж,2024,1,2494
28,11,Сайншанд дахь ГГ,Хураамж,2024,1,1677.15
29,8,Ховд аймгийн Булган дахь ГГ,Хураамж,2024,1,289.5
30,7,Баян-Өлгий аймаг дахь ГГ,Хураамж,2024,1,5.46
31,10,Орхон аймаг дахь ГГ,Хураамж,2024,1,70.9
32,13,Дархан-Уул аймаг дахь ГГ,Хураамж,2024,1,582.16
33,6,Дорнод аймаг дахь ГГ,Хураамж,2024,1,4.38
34,9,Увс аймаг дахь ГГ,Хураамж,2024,1,1.73
35,12,Улс хоорондын шуудан илгээмж дэх ГХ,Хураамж,2024,1,16.28
36,17,Говь-Алтай аймгийн Бургастай дахь ГХ,Хураамж,2024,1,173.29
37,16,Сүхбаатар аймгийн Бичигт дэх ГХ,Хураамж,2024,1,229.38
38,19,Хөвсгөл аймгийн Ханх дахь ГХ,Хураамж,2024,1,0.03
39,18,Завхан аймгийн Арцсуурь дахь ГХ,Хураамж,2024,1,0.21
40,20,Ханги дахь гаалийн газар,Хураамж,2024,1,0
41,1,ГЕГазар,Өөрийн орлого,2024,1,211.93
42,2,Улаанбаатар хот дахь ГГ,Өөрийн орлого,2024,1,173.18
43,3,Замын-Үүд дэх ГГ,Өөрийн орлого,2024,1,415.31
44,5,Чингис хаан ОУНБ ГГ,Өөрийн орлого,2024,1,36.91
45,4,Сэлэнгэ аймаг дахь ГГ,Өөрийн орлого,2024,1,46.58
46,14,Гашуунсухайт дахь ГГ,Өөрийн орлого,2024,1,6.47
47,15,Шивээхүрэн дэх ГГ,Өөрийн орлого,2024,1,6.55
48,11,Сайншанд дахь ГГ,Өөрийн орлого,2024,1,154.71
49,8,Ховд аймгийн Булган дахь ГГ,Өөрийн орлого,2024,1,2.71
50,7,Баян-Өлгий аймаг дахь ГГ,Өөрийн орлого,2024,1,7.9
51,10,Орхон аймаг дахь ГГ,Өөрийн орлого,2024,1,2.87
52,13,Дархан-Уул аймаг дахь ГГ,Өөрийн орлого,2024,1,4.91
53,6,Дорнод аймаг дахь ГГ,Өөрийн орлого,2024,1,15.99
54,9,Увс аймаг дахь ГГ,Өөрийн орлого,2024,1,1.23
55,12,Улс хоорондын шуудан илгээмж дэх ГХ,Өөрийн орлого,2024,1,40.02
56,17,Говь-Алтай аймгийн Бургастай дахь ГХ,Өөрийн орлого,2024,1,0.37
57,16,Сүхбаатар аймгийн Бичигт дэх ГХ,Өөрийн орлого,2024,1,4.99
58,19,Хөвсгөл аймгийн Ханх дахь ГХ,Өөрийн орлого,2024,1,0.74
59,18,Завхан аймгийн Арцсуурь дахь ГХ,Өөрийн орлого,2024,1,3.74
60,20,Ханги дахь гаалийн газар,Өөрийн орлого,2024,1,0
61,1,ГЕГазар,Татвар,2024,2,1302.39
62,2,Улаанбаатар хот дахь ГГ,Татвар,2024,2,213231.53
63,3,Замын-Үүд дэх ГГ,Татвар,2024,2,52579.1
64,5,Чингис хаан ОУНБ ГГ,Татвар,2024,2,21173.92
65,4,Сэлэнгэ аймаг дахь ГГ,Татвар,2024,2,24300.22
66,14,Гашуунсухайт дахь ГГ,Татвар,2024,2,25125.43
67,15,Шивээхүрэн дэх ГГ,Татвар,2024,2,4449.57
68,11,Сайншанд дахь ГГ,Татвар,2024,2,7070.29
69,8,Ховд аймгийн Булган дахь ГГ,Татвар,2024,2,1264.78
70,7,Баян-Өлгий аймаг дахь ГГ,Татвар,2024,2,4310.32
71,10,Орхон аймаг дахь ГГ,Татвар,2024,2,2939.74
72,13,Дархан-Уул аймаг дахь ГГ,Татвар,2024,2,8510.98
73,6,Дорнод аймаг дахь ГГ,Татвар,2024,2,3491.45
74,9,Увс аймаг дахь ГГ,Татвар,2024,2,1242.62
75,12,Улс хоорондын шуудан илгээмж дэх ГХ,Татвар,2024,2,3264.44
76,17,Говь-Алтай аймгийн Бургастай дахь ГХ,Татвар,2024,2,0
77,16,Сүхбаатар аймгийн Бичигт дэх ГХ,Татвар,2024,2,549.35
78,19,Хөвсгөл аймгийн Ханх дахь ГХ,Татвар,2024,2,10
79,18,Завхан аймгийн Арцсуурь дахь ГХ,Татвар,2024,2,0
80,20,Ханги дахь гаалийн газар,Татвар,2024,2,0
81,1,ГЕГазар,Хураамж,2024,2,0
82,2,Улаанбаатар хот дахь ГГ,Хураамж,2024,2,155.9
83,3,Замын-Үүд дэх ГГ,Хураамж,2024,2,76.92
84,5,Чингис хаан ОУНБ ГГ,Хураамж,2024,2,9.41
85,4,Сэлэнгэ аймаг дахь ГГ,Хураамж,2024,2,26.22
86,14,Гашуунсухайт дахь ГГ,Хураамж,2024,2,768.69
87,15,Шивээхүрэн дэх ГГ,Хураамж,2024,2,4950.93
88,11,Сайншанд дахь ГГ,Хураамж,2024,2,1997.92
89,8,Ховд аймгийн Булган дахь ГГ,Хураамж,2024,2,300.41
90,7,Баян-Өлгий аймаг дахь ГГ,Хураамж,2024,2,3.58
91,10,Орхон аймаг дахь ГГ,Хураамж,2024,2,58.89
92,13,Дархан-Уул аймаг дахь ГГ,Хураамж,2024,2,572.14
93,6,Дорнод аймаг дахь ГГ,Хураамж,2024,2,5.22
94,9,Увс аймаг дахь ГГ,Хураамж,2024,2,0.41
95,12,Улс хоорондын шуудан илгээмж дэх ГХ,Хураамж,2024,2,17
96,17,Говь-Алтай аймгийн Бургастай дахь ГХ,Хураамж,2024,2,114.4
97,16,Сүхбаатар аймгийн Бичигт дэх ГХ,Хураамж,2024,2,131.34
98,19,Хөвсгөл аймгийн Ханх дахь ГХ,Хураамж,2024,2,0.03
99,18,Завхан аймгийн Арцсуурь дахь ГХ,Хураамж,2024,2,0
100,20,Ханги дахь гаалийн газар,Хураамж,2024,2,332.42
101,1,ГЕГазар,Өөрийн орлого,2024,2,519.91
102,2,Улаанбаатар хот дахь ГГ,Өөрийн орлого,2024,2,127.79
103,3,Замын-Үүд дэх ГГ,Өөрийн орлого,2024,2,93.03
104,5,Чингис хаан ОУНБ ГГ,Өөрийн орлого,2024,2,46.73
105,4,Сэлэнгэ аймаг дахь ГГ,Өөрийн орлого,2024,2,22.8
106,14,Гашуунсухайт дахь ГГ,Өөрийн орлого,2024,2,8.19
107,15,Шивээхүрэн дэх ГГ,Өөрийн орлого,2024,2,8.3
108,11,Сайншанд дахь ГГ,Өөрийн орлого,2024,2,49.45
109,8,Ховд аймгийн Булган дахь ГГ,Өөрийн орлого,2024,2,0.25
110,7,Баян-Өлгий аймаг дахь ГГ,Өөрийн орлого,2024,2,22.8
111,10,Орхон аймаг дахь ГГ,Өөрийн орлого,2024,2,2.1
112,13,Дархан-Уул аймаг дахь ГГ,Өөрийн орлого,2024,2,4.06
113,6,Дорнод аймаг дахь ГГ,Өөрийн орлого,2024,2,20.25
114,9,Увс аймаг дахь ГГ,Өөрийн орлого,2024,2,0.8
115,12,Улс хоорондын шуудан илгээмж дэх ГХ,Өөрийн орлого,2024,2,43
116,17,Говь-Алтай аймгийн Бургастай дахь ГХ,Өөрийн орлого,2024,2,0
117,16,Сүхбаатар аймгийн Бичигт дэх ГХ,Өөрийн орлого,2024,2,0.5
118,19,Хөвсгөл аймгийн Ханх дахь ГХ,Өөрийн орлого,2024,2,0.83
119,18,Завхан аймгийн Арцсуурь дахь ГХ,Өөрийн орлого,2024,2,4.62
120,20,Ханги дахь гаалийн газар,Өөрийн орлого,2024,2,0.72
121,1,ГЕГазар,Татвар,2024,3,0
122,2,Улаанбаатар хот дахь ГГ,Татвар,2024,3,242172.51
123,3,Замын-Үүд дэх ГГ,Татвар,2024,3,129341.43
124,5,Чингис хаан ОУНБ ГГ,Татвар,2024,3,28664.04
125,4,Сэлэнгэ аймаг дахь ГГ,Татвар,2024,3,29547.62
126,14,Гашуунсухайт дахь ГГ,Татвар,2024,3,46572.31
127,15,Шивээхүрэн дэх ГГ,Татвар,2024,3,10018.43
128,11,Сайншанд дахь ГГ,Татвар,2024,3,7987.89
129,8,Ховд аймгийн Булган дахь ГГ,Татвар,2024,3,948.08
130,7,Баян-Өлгий аймаг дахь ГГ,Татвар,2024,3,5005.15
131,10,Орхон аймаг дахь ГГ,Татвар,2024,3,5995.23
132,13,Дархан-Уул аймаг дахь ГГ,Татвар,2024,3,4781.11
133,6,Дорнод аймаг дахь ГГ,Татвар,2024,3,3990.19
134,9,Увс аймаг дахь ГГ,Татвар,2024,3,1394.81
135,12,Улс хоорондын шуудан илгээмж дэх ГХ,Татвар,2024,3,4849.55
136,17,Говь-Алтай аймгийн Бургастай дахь ГХ,Татвар,2024,3,0
137,16,Сүхбаатар аймгийн Бичигт дэх ГХ,Татвар,2024,3,1024.99
138,19,Хөвсгөл аймгийн Ханх дахь ГХ,Татвар,2024,3,81.1
139,18,Завхан аймгийн Арцсуурь дахь ГХ,Татвар,2024,3,0
140,20,Ханги дахь гаалийн газар,Татвар,2024,3,0
141,1,ГЕГазар,Хураамж,2024,3,0
142,2,Улаанбаатар хот дахь ГГ,Хураамж,2024,3,183.25
143,3,Замын-Үүд дэх ГГ,Хураамж,2024,3,211.7
144,5,Чингис хаан ОУНБ ГГ,Хураамж,2024,3,12.14
145,4,Сэлэнгэ аймаг дахь ГГ,Хураамж,2024,3,25.43
146,14,Гашуунсухайт дахь ГГ,Хураамж,2024,3,3498.19
147,15,Шивээхүрэн дэх ГГ,Хураамж,2024,3,3096.6
148,11,Сайншанд дахь ГГ,Хураамж,2024,3,1037.85
149,8,Ховд аймгийн Булган дахь ГГ,Хураамж,2024,3,600
150,7,Баян-Өлгий аймаг дахь ГГ,Хураамж,2024,3,4.85
151,10,Орхон аймаг дахь ГГ,Хураамж,2024,3,61.14
152,13,Дархан-Уул аймаг дахь ГГ,Хураамж,2024,3,580.3
153,6,Дорнод аймаг дахь ГГ,Хураамж,2024,3,10.68
154,9,Увс аймаг дахь ГГ,Хураамж,2024,3,0.57
155,12,Улс хоорондын шуудан илгээмж дэх ГХ,Хураамж,2024,3,18
156,17,Говь-Алтай аймгийн Бургастай дахь ГХ,Хураамж,2024,3,309.27
157,16,Сүхбаатар аймгийн Бичигт дэх ГХ,Хураамж,2024,3,306.47
158,19,Хөвсгөл аймгийн Ханх дахь ГХ,Хураамж,2024,3,0.03
159,18,Завхан аймгийн Арцсуурь дахь ГХ,Хураамж,2024,3,0
160,20,Ханги дахь гаалийн газар,Хураамж,2024,3,497.68
161,1,ГЕГазар,Өөрийн орлого,2024,3,418.48
162,2,Улаанбаатар хот дахь ГГ,Өөрийн орлого,2024,3,203.84
163,3,Замын-Үүд дэх ГГ,Өөрийн орлого,2024,3,256.03
164,5,Чингис хаан ОУНБ ГГ,Өөрийн орлого,2024,3,98.55
165,4,Сэлэнгэ аймаг дахь ГГ,Өөрийн орлого,2024,3,15.76
166,14,Гашуунсухайт дахь ГГ,Өөрийн орлого,2024,3,34.4
167,15,Шивээхүрэн дэх ГГ,Өөрийн орлого,2024,3,28.87
168,11,Сайншанд дахь ГГ,Өөрийн орлого,2024,3,37.29
169,8,Ховд аймгийн Булган дахь ГГ,Өөрийн орлого,2024,3,3.43
170,7,Баян-Өлгий аймаг дахь ГГ,Өөрийн орлого,2024,3,15.76
171,10,Орхон аймаг дахь ГГ,Өөрийн орлого,2024,3,3.6
172,13,Дархан-Уул аймаг дахь ГГ,Өөрийн орлого,2024,3,4.72
173,6,Дорнод аймаг дахь ГГ,Өөрийн орлого,2024,3,20
174,9,Увс аймаг дахь ГГ,Өөрийн орлого,2024,3,1
175,12,Улс хоорондын шуудан илгээмж дэх ГХ,Өөрийн орлого,2024,3,40
176,17,Говь-Алтай аймгийн Бургастай дахь ГХ,Өөрийн орлого,2024,3,0.2
177,16,Сүхбаатар аймгийн Бичигт дэх ГХ,Өөрийн орлого,2024,3,1
178,19,Хөвсгөл аймгийн Ханх дахь ГХ,Өөрийн орлого,2024,3,0.5
179,18,Завхан аймгийн Арцсуурь дахь ГХ,Өөрийн орлого,2024,3,0
180,20,Ханги дахь гаалийн газар,Өөрийн орлого,2024,3,9.02
181,1,ГЕГазар,Татвар,2024,4,1.97
182,2,Улаанбаатар хот дахь ГГ,Татвар,2024,4,249605.57
183,3,Замын-Үүд дэх ГГ,Татвар,2024,4,126377.7
184,5,Чингис хаан ОУНБ ГГ,Татвар,2024,4,29506.43
185,4,Сэлэнгэ аймаг дахь ГГ,Татвар,2024,4,30066
186,14,Гашуунсухайт дахь ГГ,Татвар,2024,4,36581.98
187,15,Шивээхүрэн дэх ГГ,Татвар,2024,4,11393.6
188,11,Сайншанд дахь ГГ,Татвар,2024,4,4060.99
189,8,Ховд аймгийн Булган дахь ГГ,Татвар,2024,4,1744.71
190,7,Баян-Өлгий аймаг дахь ГГ,Татвар,2024,4,5408.81
191,10,Орхон аймаг дахь ГГ,Татвар,2024,4,6240.65
192,13,Дархан-Уул аймаг дахь ГГ,Татвар,2024,4,4980.68
193,6,Дорнод аймаг дахь ГГ,Татвар,2024,4,3953.05
194,9,Увс аймаг дахь ГГ,Татвар,2024,4,1129.72
195,12,Улс хоорондын шуудан илгээмж дэх ГХ,Татвар,2024,4,5648.33
196,17,Говь-Алтай аймгийн Бургастай дахь ГХ,Татвар,2024,4,74.36
197,16,Сүхбаатар аймгийн Бичигт дэх ГХ,Татвар,2024,4,2562.49
198,19,Хөвсгөл аймгийн Ханх дахь ГХ,Татвар,2024,4,10.5
199,18,Завхан аймгийн Арцсуурь дахь ГХ,Татвар,2024,4,0
200,20,Ханги дахь гаалийн газар,Татвар,2024,4,2222.57
201,1,ГЕГазар,Хураамж,2024,4,0.09
202,2,Улаанбаатар хот дахь ГГ,Хураамж,2024,4,170.98
203,3,Замын-Үүд дэх ГГ,Хураамж,2024,4,170.8
204,5,Чингис хаан ОУНБ ГГ,Хураамж,2024,4,11.25
205,4,Сэлэнгэ аймаг дахь ГГ,Хураамж,2024,4,24.93
206,14,Гашуунсухайт дахь ГГ,Хураамж,2024,4,4846.31
207,15,Шивээхүрэн дэх ГГ,Хураамж,2024,4,2568.55
208,11,Сайншанд дахь ГГ,Хураамж,2024,4,587.54
209,8,Ховд аймгийн Булган дахь ГГ,Хураамж,2024,4,550
210,7,Баян-Өлгий аймаг дахь ГГ,Хураамж,2024,4,5.76
211,10,Орхон аймаг дахь ГГ,Хураамж,2024,4,65.64
212,13,Дархан-Уул аймаг дахь ГГ,Хураамж,2024,4,518.69
213,6,Дорнод аймаг дахь ГГ,Хураамж,2024,4,7.12
214,9,Увс аймаг дахь ГГ,Хураамж,2024,4,0.77
215,12,Улс хоорондын шуудан илгээмж дэх ГХ,Хураамж,2024,4,18
216,17,Говь-Алтай аймгийн Бургастай дахь ГХ,Хураамж,2024,4,6.3
217,16,Сүхбаатар аймгийн Бичигт дэх ГХ,Хураамж,2024,4,350.25
218,19,Хөвсгөл аймгийн Ханх дахь ГХ,Хураамж,2024,4,0.03
219,18,Завхан аймгийн Арцсуурь дахь ГХ,Хураамж,2024,4,0
220,20,Ханги дахь гаалийн газар,Хураамж,2024,4,396.99
221,1,ГЕГазар,Өөрийн орлого,2024,4,435.71
222,2,Улаанбаатар хот дахь ГГ,Өөрийн орлого,2024,4,39.09
223,3,Замын-Үүд дэх ГГ,Өөрийн орлого,2024,4,206.57
224,5,Чингис хаан ОУНБ ГГ,Өөрийн орлого,2024,4,89.48
225,4,Сэлэнгэ аймаг дахь ГГ,Өөрийн орлого,2024,4,39.64
226,14,Гашуунсухайт дахь ГГ,Өөрийн орлого,2024,4,121.77
227,15,Шивээхүрэн дэх ГГ,Өөрийн орлого,2024,4,6.52
228,11,Сайншанд дахь ГГ,Өөрийн орлого,2024,4,52.59
229,8,Ховд аймгийн Булган дахь ГГ,Өөрийн орлого,2024,4,15
230,7,Баян-Өлгий аймаг дахь ГГ,Өөрийн орлого,2024,4,39.64
231,10,Орхон аймаг дахь ГГ,Өөрийн орлого,2024,4,5.6
232,13,Дархан-Уул аймаг дахь ГГ,Өөрийн орлого,2024,4,3.48
233,6,Дорнод аймаг дахь ГГ,Өөрийн орлого,2024,4,28
234,9,Увс аймаг дахь ГГ,Өөрийн орлого,2024,4,1.2
235,12,Улс хоорондын шуудан илгээмж дэх ГХ,Өөрийн орлого,2024,4,44
236,17,Говь-Алтай аймгийн Бургастай дахь ГХ,Өөрийн орлого,2024,4,0.2
237,16,Сүхбаатар аймгийн Бичигт дэх ГХ,Өөрийн орлого,2024,4,2
238,19,Хөвсгөл аймгийн Ханх дахь ГХ,Өөрийн орлого,2024,4,1.2
239,18,Завхан аймгийн Арцсуурь дахь ГХ,Өөрийн орлого,2024,4,0
240,20,Ханги дахь гаалийн газар,Өөрийн орлого,2024,4,6.27
241,1,ГЕГазар,Татвар,2024,5,0.89
242,2,Улаанбаатар хот дахь ГГ,Татвар,2024,5,319213.11
243,3,Замын-Үүд дэх ГГ,Татвар,2024,5,141245.82
244,5,Чингис хаан ОУНБ ГГ,Татвар,2024,5,24511.14
245,4,Сэлэнгэ аймаг дахь ГГ,Татвар,2024,5,29547.62
246,14,Гашуунсухайт дахь ГГ,Татвар,2024,5,36909.56
247,15,Шивээхүрэн дэх ГГ,Татвар,2024,5,18550.97
248,11,Сайншанд дахь ГГ,Татвар,2024,5,6895.86
249,8,Ховд аймгийн Булган дахь ГГ,Татвар,2024,5,1671.97
250,7,Баян-Өлгий аймаг дахь ГГ,Татвар,2024,5,6922.24
251,10,Орхон аймаг дахь ГГ,Татвар,2024,5,6291.34
252,13,Дархан-Уул аймаг дахь ГГ,Татвар,2024,5,5113.31
253,6,Дорнод аймаг дахь ГГ,Татвар,2024,5,4788.23
254,9,Увс аймаг дахь ГГ,Татвар,2024,5,1880.96
255,12,Улс хоорондын шуудан илгээмж дэх ГХ,Татвар,2024,5,6335.29
256,17,Говь-Алтай аймгийн Бургастай дахь ГХ,Татвар,2024,5,89.82
257,16,Сүхбаатар аймгийн Бичигт дэх ГХ,Татвар,2024,5,6406.22
258,19,Хөвсгөл аймгийн Ханх дахь ГХ,Татвар,2024,5,11.5
259,18,Завхан аймгийн Арцсуурь дахь ГХ,Татвар,2024,5,0
260,20,Ханги дахь гаалийн газар,Татвар,2024,5,2694.44
261,1,ГЕГазар,Хураамж,2024,5,0.28
262,2,Улаанбаатар хот дахь ГГ,Хураамж,2024,5,224.58
263,3,Замын-Үүд дэх ГГ,Хураамж,2024,5,170.43
264,5,Чингис хаан ОУНБ ГГ,Хураамж,2024,5,11.99
265,4,Сэлэнгэ аймаг дахь ГГ,Хураамж,2024,5,17.96
266,14,Гашуунсухайт дахь ГГ,Хураамж,2024,5,6803.43
267,15,Шивээхүрэн дэх ГГ,Хураамж,2024,5,2139.52
268,11,Сайншанд дахь ГГ,Хураамж,2024,5,984.73
269,8,Ховд аймгийн Булган дахь ГГ,Хураамж,2024,5,550
270,7,Баян-Өлгий аймаг дахь ГГ,Хураамж,2024,5,6.62
271,10,Орхон аймаг дахь ГГ,Хураамж,2024,5,65.87
272,13,Дархан-Уул аймаг дахь ГГ,Хураамж,2024,5,521.94
273,6,Дорнод аймаг дахь ГГ,Хураамж,2024,5,57.81
274,9,Увс аймаг дахь ГГ,Хураамж,2024,5,1.49
275,12,Улс хоорондын шуудан илгээмж дэх ГХ,Хураамж,2024,5,19
276,17,Говь-Алтай аймгийн Бургастай дахь ГХ,Хураамж,2024,5,4.27
277,16,Сүхбаатар аймгийн Бичигт дэх ГХ,Хураамж,2024,5,394.03
278,19,Хөвсгөл аймгийн Ханх дахь ГХ,Хураамж,2024,5,0.03
279,18,Завхан аймгийн Арцсуурь дахь ГХ,Хураамж,2024,5,0.08
280,20,Ханги дахь гаалийн газар,Хураамж,2024,5,389.83
281,1,ГЕГазар,Өөрийн орлого,2024,5,464.65
282,2,Улаанбаатар хот дахь ГГ,Өөрийн орлого,2024,5,246.42
283,3,Замын-Үүд дэх ГГ,Өөрийн орлого,2024,5,206.12
284,5,Чингис хаан ОУНБ ГГ,Өөрийн орлого,2024,5,127.84
285,4,Сэлэнгэ аймаг дахь ГГ,Өөрийн орлого,2024,5,42.41
286,14,Гашуунсухайт дахь ГГ,Өөрийн орлого,2024,5,75.9
287,15,Шивээхүрэн дэх ГГ,Өөрийн орлого,2024,5,10.64
288,11,Сайншанд дахь ГГ,Өөрийн орлого,2024,5,54.48
289,8,Ховд аймгийн Булган дахь ГГ,Өөрийн орлого,2024,5,5.4
290,7,Баян-Өлгий аймаг дахь ГГ,Өөрийн орлого,2024,5,42.41
291,10,Орхон аймаг дахь ГГ,Өөрийн орлого,2024,5,5.8
292,13,Дархан-Уул аймаг дахь ГГ,Өөрийн орлого,2024,5,3.33
293,6,Дорнод аймаг дахь ГГ,Өөрийн орлого,2024,5,22
294,9,Увс аймаг дахь ГГ,Өөрийн орлого,2024,5,1.3
295,12,Улс хоорондын шуудан илгээмж дэх ГХ,Өөрийн орлого,2024,5,45
296,17,Говь-Алтай аймгийн Бургастай дахь ГХ,Өөрийн орлого,2024,5,0
297,16,Сүхбаатар аймгийн Бичигт дэх ГХ,Өөрийн орлого,2024,5,3
298,19,Хөвсгөл аймгийн Ханх дахь ГХ,Өөрийн орлого,2024,5,1.05
299,18,Завхан аймгийн Арцсуурь дахь ГХ,Өөрийн орлого,2024,5,4.89
300,20,Ханги дахь гаалийн газар,Өөрийн орлого,2024,5,6.5
301,1,ГЕГазар,Татвар,2024,6,45.44
302,2,Улаанбаатар хот дахь ГГ,Татвар,2024,6,179262.81
303,3,Замын-Үүд дэх ГГ,Татвар,2024,6,118213.24
304,5,Чингис хаан ОУНБ ГГ,Татвар,2024,6,5454.53
305,4,Сэлэнгэ аймаг дахь ГГ,Татвар,2024,6,18536.88
306,14,Гашуунсухайт дахь ГГ,Татвар,2024,6,26694.58
307,15,Шивээхүрэн дэх ГГ,Татвар,2024,6,14307.58
308,11,Сайншанд дахь ГГ,Татвар,2024,6,20508.01
309,8,Ховд аймгийн Булган дахь ГГ,Татвар,2024,6,5913.14
310,7,Баян-Өлгий аймаг дахь ГГ,Татвар,2024,6,2115.02
311,10,Орхон аймаг дахь ГГ,Татвар,2024,6,552.32
312,13,Дархан-Уул аймаг дахь ГГ,Татвар,2024,6,7336.32
313,6,Дорнод аймаг дахь ГГ,Татвар,2024,6,3494.32
314,9,Увс аймаг дахь ГГ,Татвар,2024,6,1496.91
315,12,Улс хоорондын шуудан илгээмж дэх ГХ,Татвар,2024,6,2700.39
316,17,Говь-Алтай аймгийн Бургастай дахь ГХ,Татвар,2024,6,18.98
317,16,Сүхбаатар аймгийн Бичигт дэх ГХ,Татвар,2024,6,3867.45
318,19,Хөвсгөл аймгийн Ханх дахь ГХ,Татвар,2024,6,99
319,18,Завхан аймгийн Арцсуурь дахь ГХ,Татвар,2024,6,32.18
320,20,Ханги дахь гаалийн газар,Татвар,2024,6,2418.59
321,1,ГЕГазар,Хураамж,2024,6,0.31
322,2,Улаанбаатар хот дахь ГГ,Хураамж,2024,6,210.8
323,3,Замын-Үүд дэх ГГ,Хураамж,2024,6,180.7
324,5,Чингис хаан ОУНБ ГГ,Хураамж,2024,6,9.28
325,4,Сэлэнгэ аймаг дахь ГГ,Хураамж,2024,6,20.94
326,14,Гашуунсухайт дахь ГГ,Хураамж,2024,6,7325.59
327,15,Шивээхүрэн дэх ГГ,Хураамж,2024,6,2910.64
328,11,Сайншанд дахь ГГ,Хураамж,2024,6,507.57
329,8,Ховд аймгийн Булган дахь ГГ,Хураамж,2024,6,550
330,7,Баян-Өлгий аймаг дахь ГГ,Хураамж,2024,6,7.49
331,10,Орхон аймаг дахь ГГ,Хураамж,2024,6,61.07
332,13,Дархан-Уул аймаг дахь ГГ,Хураамж,2024,6,520.69
333,6,Дорнод аймаг дахь ГГ,Хураамж,2024,6,17.41
334,9,Увс аймаг дахь ГГ,Хураамж,2024,6,1.63
335,12,Улс хоорондын шуудан илгээмж дэх ГХ,Хураамж,2024,6,18
336,17,Говь-Алтай аймгийн Бургастай дахь ГХ,Хураамж,2024,6,9.61
337,16,Сүхбаатар аймгийн Бичигт дэх ГХ,Хураамж,2024,6,394.03
338,19,Хөвсгөл аймгийн Ханх дахь ГХ,Хураамж,2024,6,0.03
339,18,Завхан аймгийн Арцсуурь дахь ГХ,Хураамж,2024,6,0
340,20,Ханги дахь гаалийн газар,Хураамж,2024,6,348.54
341,1,ГЕГазар,Өөрийн орлого,2024,6,482.14
342,2,Улаанбаатар хот дахь ГГ,Өөрийн орлого,2024,6,246.42
343,3,Замын-Үүд дэх ГГ,Өөрийн орлого,2024,6,218.54
344,5,Чингис хаан ОУНБ ГГ,Өөрийн орлого,2024,6,139.56
345,4,Сэлэнгэ аймаг дахь ГГ,Өөрийн орлого,2024,6,21
346,14,Гашуунсухайт дахь ГГ,Өөрийн орлого,2024,6,139.49
347,15,Шивээхүрэн дэх ГГ,Өөрийн орлого,2024,6,25.96
348,11,Сайншанд дахь ГГ,Өөрийн орлого,2024,6,72.83
349,8,Ховд аймгийн Булган дахь ГГ,Өөрийн орлого,2024,6,5.4
350,7,Баян-Өлгий аймаг дахь ГГ,Өөрийн орлого,2024,6,21
351,10,Орхон аймаг дахь ГГ,Өөрийн орлого,2024,6,3.9
352,13,Дархан-Уул аймаг дахь ГГ,Өөрийн орлого,2024,6,5.28
353,6,Дорнод аймаг дахь ГГ,Өөрийн орлого,2024,6,24.17
354,9,Увс аймаг дахь ГГ,Өөрийн орлого,2024,6,1
355,12,Улс хоорондын шуудан илгээмж дэх ГХ,Өөрийн орлого,2024,6,46
356,17,Говь-Алтай аймгийн Бургастай дахь ГХ,Өөрийн орлого,2024,6,0.5
357,16,Сүхбаатар аймгийн Бичигт дэх ГХ,Өөрийн орлого,2024,6,3
358,19,Хөвсгөл аймгийн Ханх дахь ГХ,Өөрийн орлого,2024,6,1.2
359,18,Завхан аймгийн Арцсуурь дахь ГХ,Өөрийн орлого,2024,6,1.69
360,20,Ханги дахь гаалийн газар,Өөрийн орлого,2024,6,8.69
361,1,ГЕГазар,Татвар,2024,7,4.9
362,2,Улаанбаатар хот дахь ГГ,Татвар,2024,7,304922.86
363,3,Замын-Үүд дэх ГГ,Татвар,2024,7,130630.07
364,5,Чингис хаан ОУНБ ГГ,Татвар,2024,7,25592.14
365,4,Сэлэнгэ аймаг дахь ГГ,Татвар,2024,7,39619.25
366,14,Гашуунсухайт дахь ГГ,Татвар,2024,7,37614.58
367,15,Шивээхүрэн дэх ГГ,Татвар,2024,7,10621.93
368,11,Сайншанд дахь ГГ,Татвар,2024,7,9295.56
369,8,Ховд аймгийн Булган дахь ГГ,Татвар,2024,7,2566.96
370,7,Баян-Өлгий аймаг дахь ГГ,Татвар,2024,7,3193.97
371,10,Орхон аймаг дахь ГГ,Татвар,2024,7,6083.68
372,13,Дархан-Уул аймаг дахь ГГ,Татвар,2024,7,7685.54
373,6,Дорнод аймаг дахь ГГ,Татвар,2024,7,7670.83
374,9,Увс аймаг дахь ГГ,Татвар,2024,7,1658.04
375,12,Улс хоорондын шуудан илгээмж дэх ГХ,Татвар,2024,7,5434.21
376,17,Говь-Алтай аймгийн Бургастай дахь ГХ,Татвар,2024,7,9.52
377,16,Сүхбаатар аймгийн Бичигт дэх ГХ,Татвар,2024,7,949.44
378,19,Хөвсгөл аймгийн Ханх дахь ГХ,Татвар,2024,7,47.27
379,18,Завхан аймгийн Арцсуурь дахь ГХ,Татвар,2024,7,7.94
380,20,Ханги дахь гаалийн газар,Татвар,2024,7,132.6
381,1,ГЕГазар,Хураамж,2024,7,0
382,2,Улаанбаатар хот дахь ГГ,Хураамж,2024,7,154.94
383,3,Замын-Үүд дэх ГГ,Хураамж,2024,7,194.05
384,5,Чингис хаан ОУНБ ГГ,Хураамж,2024,7,12.47
385,4,Сэлэнгэ аймаг дахь ГГ,Хураамж,2024,7,16.75
386,14,Гашуунсухайт дахь ГГ,Хураамж,2024,7,6115.11
387,15,Шивээхүрэн дэх ГГ,Хураамж,2024,7,1572.66
388,11,Сайншанд дахь ГГ,Хураамж,2024,7,531.38
389,8,Ховд аймгийн Булган дахь ГГ,Хураамж,2024,7,550
390,7,Баян-Өлгий аймаг дахь ГГ,Хураамж,2024,7,7.28
391,10,Орхон аймаг дахь ГГ,Хураамж,2024,7,66.99
392,13,Дархан-Уул аймаг дахь ГГ,Хураамж,2024,7,492.63
393,6,Дорнод аймаг дахь ГГ,Хураамж,2024,7,35.61
394,9,Увс аймаг дахь ГГ,Хураамж,2024,7,1.61
395,12,Улс хоорондын шуудан илгээмж дэх ГХ,Хураамж,2024,7,18
396,17,Говь-Алтай аймгийн Бургастай дахь ГХ,Хураамж,2024,7,12.09
397,16,Сүхбаатар аймгийн Бичигт дэх ГХ,Хураамж,2024,7,306.47
398,19,Хөвсгөл аймгийн Ханх дахь ГХ,Хураамж,2024,7,0.03
399,18,Завхан аймгийн Арцсуурь дахь ГХ,Хураамж,2024,7,0
400,20,Ханги дахь гаалийн газар,Хураамж,2024,7,254.82
401,1,ГЕГазар,Өөрийн орлого,2024,7,237.01
402,2,Улаанбаатар хот дахь ГГ,Өөрийн орлого,2024,7,200.34
403,3,Замын-Үүд дэх ГГ,Өөрийн орлого,2024,7,234.69
404,5,Чингис хаан ОУНБ ГГ,Өөрийн орлого,2024,7,12.91
405,4,Сэлэнгэ аймаг дахь ГГ,Өөрийн орлого,2024,7,184.99
406,14,Гашуунсухайт дахь ГГ,Өөрийн орлого,2024,7,18.22
407,15,Шивээхүрэн дэх ГГ,Өөрийн орлого,2024,7,10.91
408,11,Сайншанд дахь ГГ,Өөрийн орлого,2024,7,67.91
409,8,Ховд аймгийн Булган дахь ГГ,Өөрийн орлого,2024,7,15
410,7,Баян-Өлгий аймаг дахь ГГ,Өөрийн орлого,2024,7,184.99
411,10,Орхон аймаг дахь ГГ,Өөрийн орлого,2024,7,2
412,13,Дархан-Уул аймаг дахь ГГ,Өөрийн орлого,2024,7,3.86
413,6,Дорнод аймаг дахь ГГ,Өөрийн орлого,2024,7,40
414,9,Увс аймаг дахь ГГ,Өөрийн орлого,2024,7,1.3
415,12,Улс хоорондын шуудан илгээмж дэх ГХ,Өөрийн орлого,2024,7,40
416,17,Говь-Алтай аймгийн Бургастай дахь ГХ,Өөрийн орлого,2024,7,0
417,16,Сүхбаатар аймгийн Бичигт дэх ГХ,Өөрийн орлого,2024,7,1
418,19,Хөвсгөл аймгийн Ханх дахь ГХ,Өөрийн орлого,2024,7,0.6
419,18,Завхан аймгийн Арцсуурь дахь ГХ,Өөрийн орлого,2024,7,0.43
420,20,Ханги дахь гаалийн газар,Өөрийн орлого,2024,7,8.1
421,1,ГЕГазар,Татвар,2024,8,6.66
422,2,Улаанбаатар хот дахь ГГ,Татвар,2024,8,265858.33
423,3,Замын-Үүд дэх ГГ,Татвар,2024,8,143696.11
424,5,Чингис хаан ОУНБ ГГ,Татвар,2024,8,33453.32
425,4,Сэлэнгэ аймаг дахь ГГ,Татвар,2024,8,43025.48
426,14,Гашуунсухайт дахь ГГ,Татвар,2024,8,48018.75
427,15,Шивээхүрэн дэх ГГ,Татвар,2024,8,9420.85
428,11,Сайншанд дахь ГГ,Татвар,2024,8,13062.97
429,8,Ховд аймгийн Булган дахь ГГ,Татвар,2024,8,1169.84
430,7,Баян-Өлгий аймаг дахь ГГ,Татвар,2024,8,6878.36
431,10,Орхон аймаг дахь ГГ,Татвар,2024,8,7512.19
432,13,Дархан-Уул аймаг дахь ГГ,Татвар,2024,8,8379
433,6,Дорнод аймаг дахь ГГ,Татвар,2024,8,7410.36
434,9,Увс аймаг дахь ГГ,Татвар,2024,8,694.29
435,12,Улс хоорондын шуудан илгээмж дэх ГХ,Татвар,2024,8,5374.9
436,17,Говь-Алтай аймгийн Бургастай дахь ГХ,Татвар,2024,8,368.53
437,16,Сүхбаатар аймгийн Бичигт дэх ГХ,Татвар,2024,8,3843.73
438,19,Хөвсгөл аймгийн Ханх дахь ГХ,Татвар,2024,8,18.5
439,18,Завхан аймгийн Арцсуурь дахь ГХ,Татвар,2024,8,2.82
440,20,Ханги дахь гаалийн газар,Татвар,2024,8,4651.8
441,1,ГЕГазар,Хураамж,2024,8,0.04
442,2,Улаанбаатар хот дахь ГГ,Хураамж,2024,8,247.31
443,3,Замын-Үүд дэх ГГ,Хураамж,2024,8,93.69
444,5,Чингис хаан ОУНБ ГГ,Хураамж,2024,8,11.46
445,4,Сэлэнгэ аймаг дахь ГГ,Хураамж,2024,8,20.35
446,14,Гашуунсухайт дахь ГГ,Хураамж,2024,8,7265.48
447,15,Шивээхүрэн дэх ГГ,Хураамж,2024,8,2035.57
448,11,Сайншанд дахь ГГ,Хураамж,2024,8,431.21
449,8,Ховд аймгийн Булган дахь ГГ,Хураамж,2024,8,636.72
450,7,Баян-Өлгий аймаг дахь ГГ,Хураамж,2024,8,8.61
451,10,Орхон аймаг дахь ГГ,Хураамж,2024,8,119.26
452,13,Дархан-Уул аймаг дахь ГГ,Хураамж,2024,8,564.21
453,6,Дорнод аймаг дахь ГГ,Хураамж,2024,8,207.22
454,9,Увс аймаг дахь ГГ,Хураамж,2024,8,0.96
455,12,Улс хоорондын шуудан илгээмж дэх ГХ,Хураамж,2024,8,18
456,17,Говь-Алтай аймгийн Бургастай дахь ГХ,Хураамж,2024,8,0
457,16,Сүхбаатар аймгийн Бичигт дэх ГХ,Хураамж,2024,8,68.41
458,19,Хөвсгөл аймгийн Ханх дахь ГХ,Хураамж,2024,8,0.2
459,18,Завхан аймгийн Арцсуурь дахь ГХ,Хураамж,2024,8,0.73
460,20,Ханги дахь гаалийн газар,Хураамж,2024,8,175.62
461,1,ГЕГазар,Өөрийн орлого,2024,8,564.12
462,2,Улаанбаатар хот дахь ГГ,Өөрийн орлого,2024,8,191.38
463,3,Замын-Үүд дэх ГГ,Өөрийн орлого,2024,8,93.69
464,5,Чингис хаан ОУНБ ГГ,Өөрийн орлого,2024,8,95.12
465,4,Сэлэнгэ аймаг дахь ГГ,Өөрийн орлого,2024,8,31.57
466,14,Гашуунсухайт дахь ГГ,Өөрийн орлого,2024,8,210.91
467,15,Шивээхүрэн дэх ГГ,Өөрийн орлого,2024,8,22.18
468,11,Сайншанд дахь ГГ,Өөрийн орлого,2024,8,24.15
469,8,Ховд аймгийн Булган дахь ГГ,Өөрийн орлого,2024,8,5.4
470,7,Баян-Өлгий аймаг дахь ГГ,Өөрийн орлого,2024,8,31.57
471,10,Орхон аймаг дахь ГГ,Өөрийн орлого,2024,8,4.9
472,13,Дархан-Уул аймаг дахь ГГ,Өөрийн орлого,2024,8,7.82
473,6,Дорнод аймаг дахь ГГ,Өөрийн орлого,2024,8,25
474,9,Увс аймаг дахь ГГ,Өөрийн орлого,2024,8,1.2
475,12,Улс хоорондын шуудан илгээмж дэх ГХ,Өөрийн орлого,2024,8,50
476,17,Говь-Алтай аймгийн Бургастай дахь ГХ,Өөрийн орлого,2024,8,0
477,16,Сүхбаатар аймгийн Бичигт дэх ГХ,Өөрийн орлого,2024,8,3
478,19,Хөвсгөл аймгийн Ханх дахь ГХ,Өөрийн орлого,2024,8,0.9
479,18,Завхан аймгийн Арцсуурь дахь ГХ,Өөрийн орлого,2024,8,0.39
480,20,Ханги дахь гаалийн газар,Өөрийн орлого,2024,8,10.35
481,1,ГЕГазар,Татвар,2024,9,11.62
482,2,Улаанбаатар хот дахь ГГ,Татвар,2024,9,270743.47
483,3,Замын-Үүд дэх ГГ,Татвар,2024,9,141506.51
484,5,Чингис хаан ОУНБ ГГ,Татвар,2024,9,19846.77
485,4,Сэлэнгэ аймаг дахь ГГ,Татвар,2024,9,46896.23
486,14,Гашуунсухайт дахь ГГ,Татвар,2024,9,47716.24
487,15,Шивээхүрэн дэх ГГ,Татвар,2024,9,20620.47
488,11,Сайншанд дахь ГГ,Татвар,2024,9,3104.8
489,8,Ховд аймгийн Булган дахь ГГ,Татвар,2024,9,4127.58
490,7,Баян-Өлгий аймаг дахь ГГ,Татвар,2024,9,5731.81
491,10,Орхон аймаг дахь ГГ,Татвар,2024,9,7727.03
492,13,Дархан-Уул аймаг дахь ГГ,Татвар,2024,9,7332.02
493,6,Дорнод аймаг дахь ГГ,Татвар,2024,9,6076.06
494,9,Увс аймаг дахь ГГ,Татвар,2024,9,668.92
495,12,Улс хоорондын шуудан илгээмж дэх ГХ,Татвар,2024,9,6654.76
496,17,Говь-Алтай аймгийн Бургастай дахь ГХ,Татвар,2024,9,0
497,16,Сүхбаатар аймгийн Бичигт дэх ГХ,Татвар,2024,9,3645.99
498,19,Хөвсгөл аймгийн Ханх дахь ГХ,Татвар,2024,9,18.07
499,18,Завхан аймгийн Арцсуурь дахь ГХ,Татвар,2024,9,0
500,20,Ханги дахь гаалийн газар,Татвар,2024,9,5743.97
501,1,ГЕГазар,Хураамж,2024,9,0.01
502,2,Улаанбаатар хот дахь ГГ,Хураамж,2024,9,189.46
503,3,Замын-Үүд дэх ГГ,Хураамж,2024,9,103.21
504,5,Чингис хаан ОУНБ ГГ,Хураамж,2024,9,12.33
505,4,Сэлэнгэ аймаг дахь ГГ,Хураамж,2024,9,15.2
506,14,Гашуунсухайт дахь ГГ,Хураамж,2024,9,7252.08
507,15,Шивээхүрэн дэх ГГ,Хураамж,2024,9,1686.89
508,11,Сайншанд дахь ГГ,Хураамж,2024,9,279.85
509,8,Ховд аймгийн Булган дахь ГГ,Хураамж,2024,9,550
510,7,Баян-Өлгий аймаг дахь ГГ,Хураамж,2024,9,7.76
511,10,Орхон аймаг дахь ГГ,Хураамж,2024,9,124.13
512,13,Дархан-Уул аймаг дахь ГГ,Хураамж,2024,9,602.58
513,6,Дорнод аймаг дахь ГГ,Хураамж,2024,9,138.15
514,9,Увс аймаг дахь ГГ,Хураамж,2024,9,0.66
515,12,Улс хоорондын шуудан илгээмж дэх ГХ,Хураамж,2024,9,19
516,17,Говь-Алтай аймгийн Бургастай дахь ГХ,Хураамж,2024,9,0
517,16,Сүхбаатар аймгийн Бичигт дэх ГХ,Хураамж,2024,9,61.57
518,19,Хөвсгөл аймгийн Ханх дахь ГХ,Хураамж,2024,9,0.2
519,18,Завхан аймгийн Арцсуурь дахь ГХ,Хураамж,2024,9,0
520,20,Ханги дахь гаалийн газар,Хураамж,2024,9,177.23
521,1,ГЕГазар,Өөрийн орлого,2024,9,501.36
522,2,Улаанбаатар хот дахь ГГ,Өөрийн орлого,2024,9,198.33
523,3,Замын-Үүд дэх ГГ,Өөрийн орлого,2024,9,103.21
524,5,Чингис хаан ОУНБ ГГ,Өөрийн орлого,2024,9,95.31
525,4,Сэлэнгэ аймаг дахь ГГ,Өөрийн орлого,2024,9,24.1
526,14,Гашуунсухайт дахь ГГ,Өөрийн орлого,2024,9,191.02
527,15,Шивээхүрэн дэх ГГ,Өөрийн орлого,2024,9,15.58
528,11,Сайншанд дахь ГГ,Өөрийн орлого,2024,9,23.66
529,8,Ховд аймгийн Булган дахь ГГ,Өөрийн орлого,2024,9,5.4
530,7,Баян-Өлгий аймаг дахь ГГ,Өөрийн орлого,2024,9,24.1
531,10,Орхон аймаг дахь ГГ,Өөрийн орлого,2024,9,7.1
532,13,Дархан-Уул аймаг дахь ГГ,Өөрийн орлого,2024,9,5.65
533,6,Дорнод аймаг дахь ГГ,Өөрийн орлого,2024,9,38
534,9,Увс аймаг дахь ГГ,Өөрийн орлого,2024,9,1.4
535,12,Улс хоорондын шуудан илгээмж дэх ГХ,Өөрийн орлого,2024,9,45
536,17,Говь-Алтай аймгийн Бургастай дахь ГХ,Өөрийн орлого,2024,9,0.2
537,16,Сүхбаатар аймгийн Бичигт дэх ГХ,Өөрийн орлого,2024,9,3
538,19,Хөвсгөл аймгийн Ханх дахь ГХ,Өөрийн орлого,2024,9,1.56
539,18,Завхан аймгийн Арцсуурь дахь ГХ,Өөрийн орлого,2024,9,0.53
540,20,Ханги дахь гаалийн газар,Өөрийн орлого,2024,9,10.14
541,1,ГЕГазар,Татвар,2024,10,12.16
542,2,Улаанбаатар хот дахь ГГ,Татвар,2024,10,291266.58
543,3,Замын-Үүд дэх ГГ,Татвар,2024,10,137601.97
544,5,Чингис хаан ОУНБ ГГ,Татвар,2024,10,26051.84
545,4,Сэлэнгэ аймаг дахь ГГ,Татвар,2024,10,49194.55
546,14,Гашуунсухайт дахь ГГ,Татвар,2024,10,32704.01
547,15,Шивээхүрэн дэх ГГ,Татвар,2024,10,13085.46
548,11,Сайншанд дахь ГГ,Татвар,2024,10,6812.72
549,8,Ховд аймгийн Булган дахь ГГ,Татвар,2024,10,4438.69
550,7,Баян-Өлгий аймаг дахь ГГ,Татвар,2024,10,4891.58
551,10,Орхон аймаг дахь ГГ,Татвар,2024,10,6611.98
552,13,Дархан-Уул аймаг дахь ГГ,Татвар,2024,10,5055.75
553,6,Дорнод аймаг дахь ГГ,Татвар,2024,10,4044.56
554,9,Увс аймаг дахь ГГ,Татвар,2024,10,1368.95
555,12,Улс хоорондын шуудан илгээмж дэх ГХ,Татвар,2024,10,7791.69
556,17,Говь-Алтай аймгийн Бургастай дахь ГХ,Татвар,2024,10,0
557,16,Сүхбаатар аймгийн Бичигт дэх ГХ,Татвар,2024,10,2860.36
558,19,Хөвсгөл аймгийн Ханх дахь ГХ,Татвар,2024,10,16.86
559,18,Завхан аймгийн Арцсуурь дахь ГХ,Татвар,2024,10,1.39
560,20,Ханги дахь гаалийн газар,Татвар,2024,10,4345.6
561,1,ГЕГазар,Хураамж,2024,10,0.01
562,2,Улаанбаатар хот дахь ГГ,Хураамж,2024,10,236.18
563,3,Замын-Үүд дэх ГГ,Хураамж,2024,10,118.28
564,5,Чингис хаан ОУНБ ГГ,Хураамж,2024,10,12.33
565,4,Сэлэнгэ аймаг дахь ГГ,Хураамж,2024,10,18.32
566,14,Гашуунсухайт дахь ГГ,Хураамж,2024,10,6799.2
567,15,Шивээхүрэн дэх ГГ,Хураамж,2024,10,1408.55
568,11,Сайншанд дахь ГГ,Хураамж,2024,10,217.82
569,8,Ховд аймгийн Булган дахь ГГ,Хураамж,2024,10,550
570,7,Баян-Өлгий аймаг дахь ГГ,Хураамж,2024,10,7.63
571,10,Орхон аймаг дахь ГГ,Хураамж,2024,10,113.04
572,13,Дархан-Уул аймаг дахь ГГ,Хураамж,2024,10,532.69
573,6,Дорнод аймаг дахь ГГ,Хураамж,2024,10,311.27
574,9,Увс аймаг дахь ГГ,Хураамж,2024,10,0.84
575,12,Улс хоорондын шуудан илгээмж дэх ГХ,Хураамж,2024,10,18
576,17,Говь-Алтай аймгийн Бургастай дахь ГХ,Хураамж,2024,10,0
577,16,Сүхбаатар аймгийн Бичигт дэх ГХ,Хураамж,2024,10,61.57
578,19,Хөвсгөл аймгийн Ханх дахь ГХ,Хураамж,2024,10,0.2
579,18,Завхан аймгийн Арцсуурь дахь ГХ,Хураамж,2024,10,0
580,20,Ханги дахь гаалийн газар,Хураамж,2024,10,320.37
581,1,ГЕГазар,Өөрийн орлого,2024,10,369.05
582,2,Улаанбаатар хот дахь ГГ,Өөрийн орлого,2024,10,241.96
583,3,Замын-Үүд дэх ГГ,Өөрийн орлого,2024,10,118.28
584,5,Чингис хаан ОУНБ ГГ,Өөрийн орлого,2024,10,70.21
585,4,Сэлэнгэ аймаг дахь ГГ,Өөрийн орлого,2024,10,90.62
586,14,Гашуунсухайт дахь ГГ,Өөрийн орлого,2024,10,93.6
587,15,Шивээхүрэн дэх ГГ,Өөрийн орлого,2024,10,3.52
588,11,Сайншанд дахь ГГ,Өөрийн орлого,2024,10,27.3
589,8,Ховд аймгийн Булган дахь ГГ,Өөрийн орлого,2024,10,5.4
590,7,Баян-Өлгий аймаг дахь ГГ,Өөрийн орлого,2024,10,90.62
591,10,Орхон аймаг дахь ГГ,Өөрийн орлого,2024,10,5.9
592,13,Дархан-Уул аймаг дахь ГГ,Өөрийн орлого,2024,10,6.32
593,6,Дорнод аймаг дахь ГГ,Өөрийн орлого,2024,10,45
594,9,Увс аймаг дахь ГГ,Өөрийн орлого,2024,10,1.5
595,12,Улс хоорондын шуудан илгээмж дэх ГХ,Өөрийн орлого,2024,10,53
596,17,Говь-Алтай аймгийн Бургастай дахь ГХ,Өөрийн орлого,2024,10,0
597,16,Сүхбаатар аймгийн Бичигт дэх ГХ,Өөрийн орлого,2024,10,3
598,19,Хөвсгөл аймгийн Ханх дахь ГХ,Өөрийн орлого,2024,10,0.55
599,18,Завхан аймгийн Арцсуурь дахь ГХ,Өөрийн орлого,2024,10,0.12
600,20,Ханги дахь гаалийн газар,Өөрийн орлого,2024,10,11.7
601,1,ГЕГазар,Татвар,2024,11,0.07
602,2,Улаанбаатар хот дахь ГГ,Татвар,2024,11,283490.52
603,3,Замын-Үүд дэх ГГ,Татвар,2024,11,139601.91
604,5,Чингис хаан ОУНБ ГГ,Татвар,2024,11,27563.13
605,4,Сэлэнгэ аймаг дахь ГГ,Татвар,2024,11,44561.02
606,14,Гашуунсухайт дахь ГГ,Татвар,2024,11,45390.55
607,15,Шивээхүрэн дэх ГГ,Татвар,2024,11,12837.68
608,11,Сайншанд дахь ГГ,Татвар,2024,11,5912.92
609,8,Ховд аймгийн Булган дахь ГГ,Татвар,2024,11,2591.68
610,7,Баян-Өлгий аймаг дахь ГГ,Татвар,2024,11,8124.48
611,10,Орхон аймаг дахь ГГ,Татвар,2024,11,7317.02
612,13,Дархан-Уул аймаг дахь ГГ,Татвар,2024,11,5340.91
613,6,Дорнод аймаг дахь ГГ,Татвар,2024,11,4364.59
614,9,Увс аймаг дахь ГГ,Татвар,2024,11,1962.71
615,12,Улс хоорондын шуудан илгээмж дэх ГХ,Татвар,2024,11,9514.33
616,17,Говь-Алтай аймгийн Бургастай дахь ГХ,Татвар,2024,11,63.71
617,16,Сүхбаатар аймгийн Бичигт дэх ГХ,Татвар,2024,11,2244.96
618,19,Хөвсгөл аймгийн Ханх дахь ГХ,Татвар,2024,11,15.54
619,18,Завхан аймгийн Арцсуурь дахь ГХ,Татвар,2024,11,0
620,20,Ханги дахь гаалийн газар,Татвар,2024,11,3757.86
621,1,ГЕГазар,Хураамж,2024,11,0.01
622,2,Улаанбаатар хот дахь ГГ,Хураамж,2024,11,237.36
623,3,Замын-Үүд дэх ГГ,Хураамж,2024,11,93.03
624,5,Чингис хаан ОУНБ ГГ,Хураамж,2024,11,12.35
625,4,Сэлэнгэ аймаг дахь ГГ,Хураамж,2024,11,17.12
626,14,Гашуунсухайт дахь ГГ,Хураамж,2024,11,6668.2
627,15,Шивээхүрэн дэх ГГ,Хураамж,2024,11,1756.39
628,11,Сайншанд дахь ГГ,Хураамж,2024,11,354.22
629,8,Ховд аймгийн Булган дахь ГГ,Хураамж,2024,11,550
630,7,Баян-Өлгий аймаг дахь ГГ,Хураамж,2024,11,8.65
631,10,Орхон аймаг дахь ГГ,Хураамж,2024,11,113.72
632,13,Дархан-Уул аймаг дахь ГГ,Хураамж,2024,11,521.14
633,6,Дорнод аймаг дахь ГГ,Хураамж,2024,11,186.5
634,9,Увс аймаг дахь ГГ,Хураамж,2024,11,1.05
635,12,Улс хоорондын шуудан илгээмж дэх ГХ,Хураамж,2024,11,18
636,17,Говь-Алтай аймгийн Бургастай дахь ГХ,Хураамж,2024,11,48.21
637,16,Сүхбаатар аймгийн Бичигт дэх ГХ,Хураамж,2024,11,61.57
638,19,Хөвсгөл аймгийн Ханх дахь ГХ,Хураамж,2024,11,0.2
639,18,Завхан аймгийн Арцсуурь дахь ГХ,Хураамж,2024,11,0
640,20,Ханги дахь гаалийн газар,Хураамж,2024,11,404.41
641,1,ГЕГазар,Өөрийн орлого,2024,11,592.49
642,2,Улаанбаатар хот дахь ГГ,Өөрийн орлого,2024,11,168.75
643,3,Замын-Үүд дэх ГГ,Өөрийн орлого,2024,11,93.03
644,5,Чингис хаан ОУНБ ГГ,Өөрийн орлого,2024,11,44.55
645,4,Сэлэнгэ аймаг дахь ГГ,Өөрийн орлого,2024,11,39.77
646,14,Гашуунсухайт дахь ГГ,Өөрийн орлого,2024,11,105.22
647,15,Шивээхүрэн дэх ГГ,Өөрийн орлого,2024,11,5.74
648,11,Сайншанд дахь ГГ,Өөрийн орлого,2024,11,54.95
649,8,Ховд аймгийн Булган дахь ГГ,Өөрийн орлого,2024,11,5.4
650,7,Баян-Өлгий аймаг дахь ГГ,Өөрийн орлого,2024,11,39.77
651,10,Орхон аймаг дахь ГГ,Өөрийн орлого,2024,11,6.1
652,13,Дархан-Уул аймаг дахь ГГ,Өөрийн орлого,2024,11,5.53
653,6,Дорнод аймаг дахь ГГ,Өөрийн орлого,2024,11,30
654,9,Увс аймаг дахь ГГ,Өөрийн орлого,2024,11,1.1
655,12,Улс хоорондын шуудан илгээмж дэх ГХ,Өөрийн орлого,2024,11,56
656,17,Говь-Алтай аймгийн Бургастай дахь ГХ,Өөрийн орлого,2024,11,0.4
657,16,Сүхбаатар аймгийн Бичигт дэх ГХ,Өөрийн орлого,2024,11,2
658,19,Хөвсгөл аймгийн Ханх дахь ГХ,Өөрийн орлого,2024,11,0.6
659,18,Завхан аймгийн Арцсуурь дахь ГХ,Өөрийн орлого,2024,11,0.29
660,20,Ханги дахь гаалийн газар,Өөрийн орлого,2024,11,23.55
661,1,ГЕГазар,Татвар,2024,12,7.46
662,2,Улаанбаатар хот дахь ГГ,Татвар,2024,12,305844.81
663,3,Замын-Үүд дэх ГГ,Татвар,2024,12,123555.81
664,5,Чингис хаан ОУНБ ГГ,Татвар,2024,12,27447.16
665,4,Сэлэнгэ аймаг дахь ГГ,Татвар,2024,12,49495.72
666,14,Гашуунсухайт дахь ГГ,Татвар,2024,12,37902.77
667,15,Шивээхүрэн дэх ГГ,Татвар,2024,12,8887.99
668,11,Сайншанд дахь ГГ,Татвар,2024,12,5840.48
669,8,Ховд аймгийн Булган дахь ГГ,Татвар,2024,12,892.39
670,7,Баян-Өлгий аймаг дахь ГГ,Татвар,2024,12,10636.89
671,10,Орхон аймаг дахь ГГ,Татвар,2024,12,9674.87
672,13,Дархан-Уул аймаг дахь ГГ,Татвар,2024,12,5320.13
673,6,Дорнод аймаг дахь ГГ,Татвар,2024,12,4465.99
674,9,Увс аймаг дахь ГГ,Татвар,2024,12,1898.8
675,12,Улс хоорондын шуудан илгээмж дэх ГХ,Татвар,2024,12,10223.74
676,17,Говь-Алтай аймгийн Бургастай дахь ГХ,Татвар,2024,12,19.01
677,16,Сүхбаатар аймгийн Бичигт дэх ГХ,Татвар,2024,12,2037.34
678,19,Хөвсгөл аймгийн Ханх дахь ГХ,Татвар,2024,12,2.42
679,18,Завхан аймгийн Арцсуурь дахь ГХ,Татвар,2024,12,0.84
680,20,Ханги дахь гаалийн газар,Татвар,2024,12,4930.13
681,1,ГЕГазар,Хураамж,2024,12,0.01
682,2,Улаанбаатар хот дахь ГГ,Хураамж,2024,12,215.03
683,3,Замын-Үүд дэх ГГ,Хураамж,2024,12,150.08
684,5,Чингис хаан ОУНБ ГГ,Хураамж,2024,12,12.12
685,4,Сэлэнгэ аймаг дахь ГГ,Хураамж,2024,12,14.06
686,14,Гашуунсухайт дахь ГГ,Хураамж,2024,12,8480.58
687,15,Шивээхүрэн дэх ГГ,Хураамж,2024,12,456.03
688,11,Сайншанд дахь ГГ,Хураамж,2024,12,237.65
689,8,Ховд аймгийн Булган дахь ГГ,Хураамж,2024,12,300
690,7,Баян-Өлгий аймаг дахь ГГ,Хураамж,2024,12,8.48
691,10,Орхон аймаг дахь ГГ,Хураамж,2024,12,105.74
692,13,Дархан-Уул аймаг дахь ГГ,Хураамж,2024,12,632.15
693,6,Дорнод аймаг дахь ГГ,Хураамж,2024,12,62.17
694,9,Увс аймаг дахь ГГ,Хураамж,2024,12,1.53
695,12,Улс хоорондын шуудан илгээмж дэх ГХ,Хураамж,2024,12,18
696,17,Говь-Алтай аймгийн Бургастай дахь ГХ,Хураамж,2024,12,50
697,16,Сүхбаатар аймгийн Бичигт дэх ГХ,Хураамж,2024,12,47.89
698,19,Хөвсгөл аймгийн Ханх дахь ГХ,Хураамж,2024,12,0.2
699,18,Завхан аймгийн Арцсуурь дахь ГХ,Хураамж,2024,12,0
700,20,Ханги дахь гаалийн газар,Хураамж,2024,12,249.13
701,1,ГЕГазар,Өөрийн орлого,2024,12,425.49
702,2,Улаанбаатар хот дахь ГГ,Өөрийн орлого,2024,12,182.65
703,3,Замын-Үүд дэх ГГ,Өөрийн орлого,2024,12,150.08
704,5,Чингис хаан ОУНБ ГГ,Өөрийн орлого,2024,12,68.15
705,4,Сэлэнгэ аймаг дахь ГГ,Өөрийн орлого,2024,12,47.06
706,14,Гашуунсухайт дахь ГГ,Өөрийн орлого,2024,12,200.19
707,15,Шивээхүрэн дэх ГГ,Өөрийн орлого,2024,12,14.01
708,11,Сайншанд дахь ГГ,Өөрийн орлого,2024,12,24.15
709,8,Ховд аймгийн Булган дахь ГГ,Өөрийн орлого,2024,12,5.4
710,7,Баян-Өлгий аймаг дахь ГГ,Өөрийн орлого,2024,12,47.06
711,10,Орхон аймаг дахь ГГ,Өөрийн орлого,2024,12,7.2
712,13,Дархан-Уул аймаг дахь ГГ,Өөрийн орлого,2024,12,5.41
713,6,Дорнод аймаг дахь ГГ,Өөрийн орлого,2024,12,22
714,9,Увс аймаг дахь ГГ,Өөрийн орлого,2024,12,1.2
715,12,Улс хоорондын шуудан илгээмж дэх ГХ,Өөрийн орлого,2024,12,56
716,17,Говь-Алтай аймгийн Бургастай дахь ГХ,Өөрийн орлого,2024,12,5
717,16,Сүхбаатар аймгийн Бичигт дэх ГХ,Өөрийн орлого,2024,12,2
718,19,Хөвсгөл аймгийн Ханх дахь ГХ,Өөрийн орлого,2024,12,0.3
719,18,Завхан аймгийн Арцсуурь дахь ГХ,Өөрийн орлого,2024,12,0.25
720,20,Ханги дахь гаалийн газар,Өөрийн орлого,2024,12,10.35
